
{
  "result": "success",
  "provider": "https://www.exchangerate-api.com",
  "documentation": "https://www.exchangerate-api.com/docs/free",
  "terms_of_use": "https://www.exchangerate-api.com/terms",
  "time_last_update_unix": 1718928151,
  "time_last_update_utc": "Fri, 21 Jun 2024 00:02:31 +0000",
  "time_next_update_unix": 1719015901,
  "time_next_update_utc": "Sat, 22 Jun 2024 00:25:01 +0000",
  "time_eol_unix": 0,
  "base_code": "EUR",
  "rates": {
    "EUR": 1,
    "AED": 3.934562,
    "AFN": 76.025401,
    "ALL": 100.295706,
    "AMD": 416.77027,
    "ANG": 1.91773,
    "AOA": 930.999312,
    "ARS": 970.650185,
    "AUD": 1.607979,
    "AWG": 1.91773,
    "AZN": 1.824818,
    "BAM": 1.95583,
    "BBD": 2.142716,
    "BDT": 125.901759,
    "BGN": 1.95583,
    "BHD": 0.402831,
    "BIF": 3075.430494,
    "BMD": 1.071358,
    "BND": 1.450454,
    "BOB": 7.422518,
    "BRL": 5.82704,
    "BSD": 1.071358,
    "BTN": 89.596813,
    "BWP": 14.545101,
    "BYN": 3.462844,
    "BZD": 2.142716,
    "CAD": 1.46696,
    "CDF": 3048.75,
    "CHF": 0.954401,
    "CLP": 999.619903,
    "CNY": 7.795946,
    "COP": 4455.703137,
    "CRC": 559.897904,
    "CUP": 25.712588,
    "CVE": 110.265,
    "CZK": 24.902106,
    "DJF": 190.402783,
    "DKK": 7.460199,
    "DOP": 63.342677,
    "DZD": 144.418043,
    "EGP": 51.096107,
    "ERN": 16.070367,
    "ETB": 62.052806,
    "FJD": 2.416654,
    "FKP": 0.845443,
    "FOK": 7.459894,
    "GBP": 0.845448,
    "GEL": 3.003867,
    "GGP": 0.845443,
    "GHS": 16.328006,
    "GIP": 0.845443,
    "GMD": 69.44912,
    "GNF": 9198.063792,
    "GTQ": 8.327286,
    "GYD": 224.754266,
    "HKD": 8.362121,
    "HNL": 26.530647,
    "HRK": 7.5345,
    "HTG": 142.538961,
    "HUF": 396.828658,
    "IDR": 17638.96564,
    "ILS": 3.99332,
    "IMP": 0.845443,
    "INR": 89.60642,
    "IQD": 1407.115385,
    "IRR": 45680.773134,
    "ISK": 149.311468,
    "JEP": 0.845443,
    "JMD": 167.076739,
    "JOD": 0.759593,
    "JPY": 170.044005,
    "KES": 137.839033,
    "KGS": 93.624133,
    "KHR": 4449.527027,
    "KID": 1.60798,
    "KMF": 491.96775,
    "KRW": 1489.422584,
    "KWD": 0.328592,
    "KYD": 0.892798,
    "KZT": 494.388421,
    "LAK": 23530.227429,
    "LBP": 95886.524855,
    "LKR": 327.714553,
    "LRD": 208.437617,
    "LSL": 19.282393,
    "LYD": 5.209312,
    "MAD": 10.670075,
    "MDL": 19.139801,
    "MGA": 4771.956522,
    "MKD": 61.5376,
    "MMK": 2741.249322,
    "MNT": 3635.972734,
    "MOP": 8.612873,
    "MRU": 42.148618,
    "MUR": 49.920597,
    "MVR": 16.574482,
    "MWK": 1870.662454,
    "MXN": 19.687449,
    "MYR": 5.048226,
    "MZN": 68.610333,
    "NAD": 19.282393,
    "NGN": 1607.239063,
    "NIO": 39.517779,
    "NOK": 11.29053,
    "NPR": 143.354901,
    "NZD": 1.749179,
    "OMR": 0.411934,
    "PAB": 1.071358,
    "PEN": 4.088141,
    "PGK": 4.132898,
    "PHP": 63.065915,
    "PKR": 298.612868,
    "PLN": 4.324822,
    "PYG": 8050.175084,
    "QAR": 3.899742,
    "RON": 4.977171,
    "RSD": 117.030105,
    "RUB": 92.773594,
    "RWF": 1441.776426,
    "SAR": 4.017592,
    "SBD": 9.0717,
    "SCR": 15.268905,
    "SDG": 480.678832,
    "SEK": 11.224142,
    "SGD": 1.450445,
    "SHP": 0.845443,
    "SLE": 24.071891,
    "SLL": 24071.387204,
    "SOS": 614.300373,
    "SRD": 33.581336,
    "SSP": 2361.214288,
    "STN": 24.5,
    "SYP": 13822.765091,
    "SZL": 19.282393,
    "THB": 39.347028,
    "TJS": 11.63869,
    "TMT": 3.753403,
    "TND": 3.360683,
    "TOP": 2.495239,
    "TRY": 35.186586,
    "TTD": 7.674611,
    "TVD": 1.60798,
    "TWD": 34.676988,
    "TZS": 2825.431331,
    "UAH": 43.466001,
    "UGX": 4017.806006,
    "USD": 1.071374,
    "UYU": 42.269459,
    "UZS": 13564.110934,
    "VES": 39.008003,
    "VND": 27315.481685,
    "VUV": 128.025612,
    "WST": 2.903569,
    "XAF": 655.957,
    "XCD": 2.892666,
    "XDR": 0.813649,
    "XOF": 655.957,
    "XPF": 119.332,
    "YER": 268.656801,
    "ZAR": 19.282831,
    "ZMW": 27.493858,
    "ZWL": 14.2196
  }
}